epoch,time,train/box_loss,train/cls_loss,train/dfl_loss,metrics/precision(B),metrics/recall(B),metrics/mAP50(B),metrics/mAP50-95(B),val/box_loss,val/cls_loss,val/dfl_loss,lr/pg0,lr/pg1,lr/pg2,sparse/groups,sparse/regularized_groups,sparse/degenerate_groups_skipped,sparse/channels,sparse/norm_min,sparse/norm_mean,sparse/norm_median,sparse/norm_max,sparse/near_zero_fraction,sparse/regularizer_grad_nonzero,sparse/regularizer_grad_delta_l2,sparse/regularizer_new_nonfinite
1,13.7008,0.90216,0.53006,0.89388,0.96861,0.97132,0.98632,0.73646,0.88041,0.45878,0.89932,0.000307692,0.000307692,0.0695385,59,59,0,4864,0.419088,0.984131,0.973559,2.54942,0,1,0.198933,0
2,26.4032,0.86069,0.5098,0.88584,0.95956,0.96868,0.98489,0.76498,0.79052,0.44378,0.88387,0.000619872,0.000619872,0.0365173,59,59,0,4864,0.419108,0.984131,0.973569,2.54944,0,1,0.389803,0
3,39.1055,0.85732,0.50281,0.88662,0.97686,0.94519,0.98373,0.75264,0.82761,0.46826,0.89388,0.000910051,0.000910051,0.00347415,59,59,0,4864,0.419084,0.984129,0.973483,2.54948,0,1,0.389791,0
4,51.9804,0.83941,0.49123,0.88783,0.96844,0.96439,0.98586,0.7664,0.8033,0.44248,0.88738,0.000901,0.000901,0.000901,59,59,0,4864,0.419111,0.984127,0.973566,2.54956,0,1,0.38977,0
5,64.7799,0.857,0.50282,0.88548,0.97115,0.95754,0.9823,0.78571,0.74391,0.42981,0.87653,0.000868,0.000868,0.000868,59,59,0,4864,0.419127,0.984125,0.973472,2.54964,0,1,0.389726,0
6,77.6338,0.85871,0.50397,0.88706,0.96717,0.96775,0.98499,0.77351,0.78453,0.43623,0.88383,0.000835,0.000835,0.000835,59,59,0,4864,0.419107,0.984122,0.97347,2.54972,0,1,0.389691,0
7,90.6087,0.88964,0.51354,0.89453,0.96842,0.96208,0.98409,0.78189,0.75519,0.43976,0.87738,0.000802,0.000802,0.000802,59,59,0,4864,0.419109,0.98412,0.973516,2.54979,0,1,0.38965,0
8,103.57,0.85707,0.50342,0.8875,0.9757,0.95561,0.98344,0.70536,0.96631,0.48115,0.92023,0.000769,0.000769,0.000769,59,59,0,4864,0.419071,0.984118,0.973487,2.54986,0,1,0.389612,0
9,116.548,0.85491,0.50326,0.88821,0.96795,0.96111,0.98384,0.75598,0.84929,0.45494,0.89656,0.000736,0.000736,0.000736,59,59,0,4864,0.419031,0.984115,0.973464,2.54993,0,1,0.389574,0
10,129.686,0.8538,0.49682,0.89031,0.97646,0.95673,0.98539,0.78938,0.73457,0.42298,0.8748,0.000703,0.000703,0.000703,59,59,0,4864,0.419016,0.984113,0.973496,2.55,0,1,0.389528,0
11,142.986,0.8707,0.50858,0.88824,0.97071,0.95425,0.98566,0.76388,0.82804,0.44759,0.89076,0.00067,0.00067,0.00067,59,59,0,4864,0.419025,0.984111,0.97346,2.55006,0,1,0.389501,0
12,156.359,0.85998,0.50262,0.88775,0.96488,0.96554,0.98591,0.77403,0.78367,0.43762,0.88587,0.000637,0.000637,0.000637,59,59,0,4864,0.418974,0.984109,0.973459,2.55013,0,1,0.38948,0
13,170.079,0.85261,0.49465,0.8885,0.97147,0.96265,0.98574,0.77678,0.78576,0.43139,0.88522,0.000604,0.000604,0.000604,59,59,0,4864,0.418918,0.984107,0.973457,2.55018,0,1,0.389457,0
14,183.553,0.84324,0.49438,0.88499,0.96835,0.9626,0.98544,0.72109,0.94436,0.46301,0.91512,0.000571,0.000571,0.000571,59,59,0,4864,0.418926,0.984105,0.973456,2.55024,0,1,0.389399,0
15,196.835,0.86009,0.49965,0.88646,0.97703,0.95781,0.98603,0.71715,0.95796,0.46632,0.91632,0.000538,0.000538,0.000538,59,59,0,4864,0.418879,0.984104,0.973454,2.55029,0,1,0.389374,0
16,210.059,0.84856,0.49433,0.88554,0.975,0.95807,0.98506,0.73028,0.91299,0.46159,0.90855,0.000505,0.000505,0.000505,59,59,0,4864,0.418858,0.984102,0.973445,2.55034,0,1,0.389356,0
17,223.261,0.84046,0.49293,0.88261,0.97273,0.96557,0.98658,0.78506,0.75037,0.4227,0.87575,0.000472,0.000472,0.000472,59,59,0,4864,0.418859,0.984101,0.973426,2.55039,0,1,0.389357,0
18,236.775,0.85829,0.49712,0.89006,0.972,0.97033,0.987,0.7849,0.7589,0.41454,0.87837,0.000439,0.000439,0.000439,59,59,0,4864,0.418857,0.984099,0.973427,2.55043,0,1,0.389338,0
19,250.341,0.81945,0.47675,0.88359,0.96948,0.96615,0.98632,0.78021,0.75635,0.42109,0.87873,0.000406,0.000406,0.000406,59,59,0,4864,0.418822,0.984098,0.973401,2.55047,0,1,0.389316,0
20,263.639,0.83962,0.48668,0.88453,0.97121,0.96595,0.98546,0.77788,0.76711,0.42125,0.88065,0.000373,0.000373,0.000373,59,59,0,4864,0.418785,0.984097,0.97341,2.55051,0,1,0.389306,0
21,279.892,0.76373,0.43531,0.87809,0.97231,0.95182,0.98482,0.72024,0.93721,0.48052,0.91105,0.00034,0.00034,0.00034,59,59,0,4864,0.418767,0.984095,0.973399,2.55054,0,1,0.389297,0
22,293.152,0.78197,0.43251,0.88821,0.96391,0.96133,0.98472,0.77774,0.76745,0.43228,0.87937,0.000307,0.000307,0.000307,59,59,0,4864,0.418762,0.984094,0.973398,2.55057,0,1,0.389291,0
23,306.438,0.79264,0.43596,0.88213,0.97635,0.95036,0.98479,0.70531,0.9899,0.47833,0.92138,0.000274,0.000274,0.000274,59,59,0,4864,0.418762,0.984093,0.973393,2.5506,0,1,0.389279,0
24,319.97,0.78555,0.42636,0.88084,0.96908,0.96127,0.98665,0.78437,0.75589,0.41823,0.88025,0.000241,0.000241,0.000241,59,59,0,4864,0.418737,0.984092,0.973389,2.55062,0,1,0.389269,0
25,333.259,0.76846,0.42043,0.87869,0.964,0.96886,0.98721,0.73288,0.90408,0.45012,0.90607,0.000208,0.000208,0.000208,59,59,0,4864,0.418714,0.984092,0.973385,2.55063,0,1,0.389256,0
26,346.211,0.77889,0.42822,0.88227,0.98274,0.94778,0.98562,0.73857,0.8761,0.45146,0.9016,0.000175,0.000175,0.000175,59,59,0,4864,0.418727,0.984091,0.973382,2.55065,0,1,0.389248,0
27,359.226,0.77063,0.42473,0.8868,0.97497,0.95555,0.98644,0.72897,0.91244,0.45232,0.90755,0.000142,0.000142,0.000142,59,59,0,4864,0.418723,0.98409,0.97338,2.55067,0,1,0.389235,0
28,372.385,0.75971,0.41907,0.88018,0.96991,0.96311,0.98661,0.78316,0.75133,0.41577,0.87798,0.000109,0.000109,0.000109,59,59,0,4864,0.418705,0.98409,0.973389,2.55068,0,1,0.389231,0
29,385.919,0.76531,0.42386,0.88281,0.97464,0.95693,0.98615,0.75637,0.82907,0.43451,0.89058,7.6e-05,7.6e-05,7.6e-05,59,59,0,4864,0.418689,0.98409,0.973386,2.55068,0,1,0.38923,0
30,399.507,0.75427,0.41927,0.879,0.97775,0.9548,0.98621,0.76324,0.80607,0.42997,0.88663,4.3e-05,4.3e-05,4.3e-05,59,59,0,4864,0.418688,0.98409,0.973383,2.55069,0,1,0.389229,0
