name,layer_type,output_precision,output_formats
/model.22/Constant_12_output_0,Constant,FP32,Row major linear FP32
/model.22/Constant_13_output_0,Constant,FP32,Row major linear FP32
/model.22/Constant_15_output_0 + ONNXTRT_Broadcast_72,Constant,FP32,Row major linear FP32
"Reformatting CopyNode for Input Tensor 0 to /model.0/conv/Conv + PWN(PWN(/model.0/act/Sigmoid), PWN(/model.0/act/Mul))",Reformat,INT8,Four wide channel vectorized row major Int8 format
"/model.0/conv/Conv + PWN(PWN(/model.0/act/Sigmoid), PWN(/model.0/act/Mul))",CaskConvolution,INT8,Four wide channel vectorized row major Int8 format
"/model.1/conv/Conv + PWN(PWN(/model.1/act/Sigmoid), PWN(/model.1/act/Mul))",CaskConvolution,INT8,Four wide channel vectorized row major Int8 format
/model.2/cv0/conv/Conv || /model.2/cv1/conv/Conv,CaskConvolution,FP32,Row major linear FP32
"PWN(PWN(/model.2/cv0/act/Sigmoid), PWN(/model.2/cv0/act/Mul))",PointWiseV2,FP32,Row major linear FP32
"PWN(PWN(/model.2/cv1/act/Sigmoid), PWN(/model.2/cv1/act/Mul))",PointWiseV2,FP32,Row major linear FP32
"Reformatting CopyNode for Output Tensor 0 to PWN(PWN(/model.2/cv1/act/Sigmoid), PWN(/model.2/cv1/act/Mul))",NoOp,FP32,Row major linear FP32
Reformatting CopyNode for Input Tensor 0 to /model.2/m.0/cv1/conv/Conv,Reformat,INT8,Channel major INT8 format where channel % 16 == 0
/model.2/m.0/cv1/conv/Conv,CaskConvolution,INT8,Channel major INT8 format where channel % 16 == 0
"Reformatting CopyNode for Input Tensor 0 to PWN(PWN(/model.2/m.0/cv1/act/Sigmoid), PWN(/model.2/m.0/cv1/act/Mul))",Reformat,FP32,Channel major FP32 format
"PWN(PWN(/model.2/m.0/cv1/act/Sigmoid), PWN(/model.2/m.0/cv1/act/Mul))",PointWiseV2,FP32,Channel major FP32 format
Reformatting CopyNode for Input Tensor 0 to /model.2/m.0/cv2/conv/Conv,Reformat,INT8,Channel major INT8 format where channel % 16 == 0
/model.2/m.0/cv2/conv/Conv,CaskConvolution,INT8,Channel major INT8 format where channel % 16 == 0
"Reformatting CopyNode for Input Tensor 0 to PWN(PWN(PWN(/model.2/m.0/cv2/act/Sigmoid), PWN(/model.2/m.0/cv2/act/Mul)), PWN(/model.2/m.0/Add))",Reformat,FP32,Row major linear FP32
"Reformatting CopyNode for Input Tensor 1 to PWN(PWN(PWN(/model.2/m.0/cv2/act/Sigmoid), PWN(/model.2/m.0/cv2/act/Mul)), PWN(/model.2/m.0/Add))",NoOp,FP32,Row major linear FP32
"PWN(PWN(PWN(/model.2/m.0/cv2/act/Sigmoid), PWN(/model.2/m.0/cv2/act/Mul)), PWN(/model.2/m.0/Add))",PointWiseV2,FP32,Row major linear FP32
/model.2/cv1/act/Mul_output_0 copy,Reformat,FP32,Row major linear FP32
"Reformatting CopyNode for Input Tensor 0 to /model.2/cv2/conv/Conv + PWN(PWN(/model.2/cv2/act/Sigmoid), PWN(/model.2/cv2/act/Mul))",Reformat,INT8,Four wide channel vectorized row major Int8 format
"/model.2/cv2/conv/Conv + PWN(PWN(/model.2/cv2/act/Sigmoid), PWN(/model.2/cv2/act/Mul))",CaskConvolution,INT8,Thirty-two wide channel vectorized row major Int8 format
"/model.3/conv/Conv + PWN(PWN(/model.3/act/Sigmoid), PWN(/model.3/act/Mul))",CaskConvolution,INT8,Thirty-two wide channel vectorized row major Int8 format
/model.4/cv0/conv/Conv || /model.4/cv1/conv/Conv,CaskConvolution,INT8,Thirty-two wide channel vectorized row major Int8 format
Reformatting CopyNode for Output Tensor 0 to /model.4/cv0/conv/Conv || /model.4/cv1/conv/Conv,Reformat,FP32,Row major linear FP32
"PWN(PWN(/model.4/cv0/act/Sigmoid), PWN(/model.4/cv0/act/Mul))",PointWiseV2,FP32,Row major linear FP32
"PWN(PWN(/model.4/cv1/act/Sigmoid), PWN(/model.4/cv1/act/Mul))",PointWiseV2,FP32,Row major linear FP32
"Reformatting CopyNode for Output Tensor 0 to PWN(PWN(/model.4/cv1/act/Sigmoid), PWN(/model.4/cv1/act/Mul))",NoOp,FP32,Row major linear FP32
Reformatting CopyNode for Input Tensor 0 to /model.4/m.0/cv1/conv/Conv,Reformat,INT8,Channel major INT8 format where channel % 16 == 0
/model.4/m.0/cv1/conv/Conv,CaskConvolution,INT8,Channel major INT8 format where channel % 16 == 0
"Reformatting CopyNode for Input Tensor 0 to PWN(PWN(/model.4/m.0/cv1/act/Sigmoid), PWN(/model.4/m.0/cv1/act/Mul))",Reformat,FP32,Row major linear FP32
"PWN(PWN(/model.4/m.0/cv1/act/Sigmoid), PWN(/model.4/m.0/cv1/act/Mul))",PointWiseV2,FP32,Row major linear FP32
Reformatting CopyNode for Input Tensor 0 to /model.4/m.0/cv2/conv/Conv,Reformat,INT8,Channel major INT8 format where channel % 16 == 0
/model.4/m.0/cv2/conv/Conv,CaskConvolution,INT8,Channel major INT8 format where channel % 16 == 0
"Reformatting CopyNode for Input Tensor 0 to PWN(PWN(PWN(/model.4/m.0/cv2/act/Sigmoid), PWN(/model.4/m.0/cv2/act/Mul)), PWN(/model.4/m.0/Add))",Reformat,FP32,Row major linear FP32
"Reformatting CopyNode for Input Tensor 1 to PWN(PWN(PWN(/model.4/m.0/cv2/act/Sigmoid), PWN(/model.4/m.0/cv2/act/Mul)), PWN(/model.4/m.0/Add))",NoOp,FP32,Row major linear FP32
"PWN(PWN(PWN(/model.4/m.0/cv2/act/Sigmoid), PWN(/model.4/m.0/cv2/act/Mul)), PWN(/model.4/m.0/Add))",PointWiseV2,FP32,Row major linear FP32
Reformatting CopyNode for Input Tensor 0 to /model.4/m.1/cv1/conv/Conv,Reformat,INT8,Channel major INT8 format where channel % 16 == 0
/model.4/m.1/cv1/conv/Conv,CaskConvolution,INT8,Channel major INT8 format where channel % 16 == 0
"Reformatting CopyNode for Input Tensor 0 to PWN(PWN(/model.4/m.1/cv1/act/Sigmoid), PWN(/model.4/m.1/cv1/act/Mul))",Reformat,FP32,Row major linear FP32
"PWN(PWN(/model.4/m.1/cv1/act/Sigmoid), PWN(/model.4/m.1/cv1/act/Mul))",PointWiseV2,FP32,Row major linear FP32
Reformatting CopyNode for Input Tensor 0 to /model.4/m.1/cv2/conv/Conv,Reformat,INT8,Channel major INT8 format where channel % 16 == 0
/model.4/m.1/cv2/conv/Conv,CaskConvolution,INT8,Channel major INT8 format where channel % 16 == 0
"Reformatting CopyNode for Input Tensor 0 to PWN(PWN(PWN(/model.4/m.1/cv2/act/Sigmoid), PWN(/model.4/m.1/cv2/act/Mul)), PWN(/model.4/m.1/Add))",Reformat,FP32,Row major linear FP32
"PWN(PWN(PWN(/model.4/m.1/cv2/act/Sigmoid), PWN(/model.4/m.1/cv2/act/Mul)), PWN(/model.4/m.1/Add))",PointWiseV2,FP32,Row major linear FP32
/model.4/cv1/act/Mul_output_0 copy,Reformat,FP32,Row major linear FP32
/model.4/m.0/Add_output_0 copy,Reformat,FP32,Row major linear FP32
"Reformatting CopyNode for Input Tensor 0 to /model.4/cv2/conv/Conv + PWN(PWN(/model.4/cv2/act/Sigmoid), PWN(/model.4/cv2/act/Mul))",NoOp,FP32,Row major linear FP32
"/model.4/cv2/conv/Conv + PWN(PWN(/model.4/cv2/act/Sigmoid), PWN(/model.4/cv2/act/Mul))",CaskConvolution,FP32,Row major linear FP32
"Reformatting CopyNode for Output Tensor 0 to /model.4/cv2/conv/Conv + PWN(PWN(/model.4/cv2/act/Sigmoid), PWN(/model.4/cv2/act/Mul))",Reformat,INT8,Row major Int8 format
"Reformatting CopyNode for Input Tensor 0 to /model.5/conv/Conv + PWN(PWN(/model.5/act/Sigmoid), PWN(/model.5/act/Mul))",Reformat,INT8,Four wide channel vectorized row major Int8 format
"/model.5/conv/Conv + PWN(PWN(/model.5/act/Sigmoid), PWN(/model.5/act/Mul))",CaskConvolution,INT8,Four wide channel vectorized row major Int8 format
/model.6/cv0/conv/Conv || /model.6/cv1/conv/Conv,CaskConvolution,FP32,Row major linear FP32
"PWN(PWN(/model.6/cv0/act/Sigmoid), PWN(/model.6/cv0/act/Mul))",PointWiseV2,FP32,Row major linear FP32
"PWN(PWN(/model.6/cv1/act/Sigmoid), PWN(/model.6/cv1/act/Mul))",PointWiseV2,FP32,Row major linear FP32
"Reformatting CopyNode for Output Tensor 0 to PWN(PWN(/model.6/cv1/act/Sigmoid), PWN(/model.6/cv1/act/Mul))",NoOp,FP32,Row major linear FP32
"Reformatting CopyNode for Input Tensor 0 to /model.6/m.0/cv1/conv/Conv + PWN(PWN(/model.6/m.0/cv1/act/Sigmoid), PWN(/model.6/m.0/cv1/act/Mul))",Reformat,INT8,Four wide channel vectorized row major Int8 format
"/model.6/m.0/cv1/conv/Conv + PWN(PWN(/model.6/m.0/cv1/act/Sigmoid), PWN(/model.6/m.0/cv1/act/Mul))",CaskConvolution,FP32,Row major linear FP32
"Reformatting CopyNode for Input Tensor 1 to /model.6/m.0/cv2/conv/Conv + PWN(PWN(PWN(/model.6/m.0/cv2/act/Sigmoid), PWN(/model.6/m.0/cv2/act/Mul)), PWN(/model.6/m.0/Add))",NoOp,FP32,Row major linear FP32
"/model.6/m.0/cv2/conv/Conv + PWN(PWN(PWN(/model.6/m.0/cv2/act/Sigmoid), PWN(/model.6/m.0/cv2/act/Mul)), PWN(/model.6/m.0/Add))",CaskConvolution,FP32,Row major linear FP32
"Reformatting CopyNode for Input Tensor 0 to /model.6/m.1/cv1/conv/Conv + PWN(PWN(/model.6/m.1/cv1/act/Sigmoid), PWN(/model.6/m.1/cv1/act/Mul))",Reformat,INT8,Four wide channel vectorized row major Int8 format
"/model.6/m.1/cv1/conv/Conv + PWN(PWN(/model.6/m.1/cv1/act/Sigmoid), PWN(/model.6/m.1/cv1/act/Mul))",CaskConvolution,FP32,Row major linear FP32
"/model.6/m.1/cv2/conv/Conv + PWN(PWN(PWN(/model.6/m.1/cv2/act/Sigmoid), PWN(/model.6/m.1/cv2/act/Mul)), PWN(/model.6/m.1/Add))",CaskConvolution,FP32,Row major linear FP32
/model.6/cv1/act/Mul_output_0 copy,Reformat,FP32,Row major linear FP32
/model.6/m.0/Add_output_0 copy,Reformat,FP32,Row major linear FP32
/model.6/m.1/Add_output_0 copy,Reformat,FP32,Row major linear FP32
"Reformatting CopyNode for Input Tensor 0 to /model.6/cv2/conv/Conv + PWN(PWN(/model.6/cv2/act/Sigmoid), PWN(/model.6/cv2/act/Mul))",Reformat,INT8,Four wide channel vectorized row major Int8 format
"/model.6/cv2/conv/Conv + PWN(PWN(/model.6/cv2/act/Sigmoid), PWN(/model.6/cv2/act/Mul))",CaskConvolution,FP32,Row major linear FP32
"Reformatting CopyNode for Input Tensor 0 to /model.7/conv/Conv + PWN(PWN(/model.7/act/Sigmoid), PWN(/model.7/act/Mul))",Reformat,INT8,Thirty-two wide channel vectorized row major Int8 format
"/model.7/conv/Conv + PWN(PWN(/model.7/act/Sigmoid), PWN(/model.7/act/Mul))",CaskConvolution,INT8,Thirty-two wide channel vectorized row major Int8 format
/model.8/cv0/conv/Conv || /model.8/cv1/conv/Conv,CaskConvolution,INT8,Thirty-two wide channel vectorized row major Int8 format
Reformatting CopyNode for Output Tensor 0 to /model.8/cv0/conv/Conv || /model.8/cv1/conv/Conv,Reformat,FP32,Row major linear FP32
"PWN(PWN(/model.8/cv0/act/Sigmoid), PWN(/model.8/cv0/act/Mul))",PointWiseV2,FP32,Row major linear FP32
"PWN(PWN(/model.8/cv1/act/Sigmoid), PWN(/model.8/cv1/act/Mul))",PointWiseV2,FP32,Row major linear FP32
"Reformatting CopyNode for Input Tensor 0 to /model.8/m.0/cv1/conv/Conv + PWN(PWN(/model.8/m.0/cv1/act/Sigmoid), PWN(/model.8/m.0/cv1/act/Mul))",Reformat,INT8,Thirty-two wide channel vectorized row major Int8 format
"/model.8/m.0/cv1/conv/Conv + PWN(PWN(/model.8/m.0/cv1/act/Sigmoid), PWN(/model.8/m.0/cv1/act/Mul))",CaskConvolution,INT8,Thirty-two wide channel vectorized row major Int8 format
/model.8/m.0/cv2/conv/Conv,CaskConvolution,INT8,Thirty-two wide channel vectorized row major Int8 format
"Reformatting CopyNode for Input Tensor 0 to PWN(PWN(PWN(/model.8/m.0/cv2/act/Sigmoid), PWN(/model.8/m.0/cv2/act/Mul)), PWN(/model.8/m.0/Add))",Reformat,FP32,Row major linear FP32
"PWN(PWN(PWN(/model.8/m.0/cv2/act/Sigmoid), PWN(/model.8/m.0/cv2/act/Mul)), PWN(/model.8/m.0/Add))",PointWiseV2,FP32,Row major linear FP32
/model.8/cv1/act/Mul_output_0 copy,Reformat,FP32,Row major linear FP32
"Reformatting CopyNode for Input Tensor 0 to /model.8/cv2/conv/Conv + PWN(PWN(/model.8/cv2/act/Sigmoid), PWN(/model.8/cv2/act/Mul))",Reformat,INT8,Four wide channel vectorized row major Int8 format
"/model.8/cv2/conv/Conv + PWN(PWN(/model.8/cv2/act/Sigmoid), PWN(/model.8/cv2/act/Mul))",CaskConvolution,INT8,Four wide channel vectorized row major Int8 format
/model.9/cv1/conv/Conv,CaskConvolution,FP32,Row major linear FP32
/model.9/m/MaxPool,CaskPooling,FP32,Row major linear FP32
/model.9/m_1/MaxPool,CaskPooling,FP32,Row major linear FP32
/model.9/m_2/MaxPool,CaskPooling,FP32,Row major linear FP32
Reformatting CopyNode for Output Tensor 0 to /model.9/m_2/MaxPool,Reformat,INT8,Four wide channel vectorized row major Int8 format
/model.9/cv1/conv/Conv_output_0 copy,Reformat,INT8,Four wide channel vectorized row major Int8 format
/model.9/m/MaxPool_output_0 copy,Reformat,INT8,Four wide channel vectorized row major Int8 format
/model.9/m_1/MaxPool_output_0 copy,Reformat,INT8,Four wide channel vectorized row major Int8 format
"/model.9/cv2/conv/Conv + PWN(PWN(/model.9/cv2/act/Sigmoid), PWN(/model.9/cv2/act/Mul))",CaskConvolution,FP32,Row major linear FP32
/model.10/Resize,Resize,FP32,Row major linear FP32
/model.10/Resize_output_0 copy,Reformat,FP32,Row major linear FP32
/model.12/cv0/conv/Conv || /model.12/cv1/conv/Conv,CaskConvolution,FP32,Row major linear FP32
"PWN(PWN(/model.12/cv0/act/Sigmoid), PWN(/model.12/cv0/act/Mul))",PointWiseV2,FP32,Row major linear FP32
"Reformatting CopyNode for Input Tensor 0 to PWN(PWN(/model.12/cv1/act/Sigmoid), PWN(/model.12/cv1/act/Mul))",Reformat,FP32,Channel major FP32 format where channel % 4 == 0
"PWN(PWN(/model.12/cv1/act/Sigmoid), PWN(/model.12/cv1/act/Mul))",PointWiseV2,FP32,Channel major FP32 format where channel % 4 == 0
"Reformatting CopyNode for Output Tensor 0 to PWN(PWN(/model.12/cv1/act/Sigmoid), PWN(/model.12/cv1/act/Mul))",NoOp,FP32,Channel major FP32 format
"Reformatting CopyNode for Input Tensor 0 to /model.12/m.0/cv1/conv/Conv + PWN(PWN(/model.12/m.0/cv1/act/Sigmoid), PWN(/model.12/m.0/cv1/act/Mul))",Reformat,INT8,Four wide channel vectorized row major Int8 format
"/model.12/m.0/cv1/conv/Conv + PWN(PWN(/model.12/m.0/cv1/act/Sigmoid), PWN(/model.12/m.0/cv1/act/Mul))",CaskConvolution,INT8,Four wide channel vectorized row major Int8 format
"/model.12/m.0/cv2/conv/Conv + PWN(PWN(/model.12/m.0/cv2/act/Sigmoid), PWN(/model.12/m.0/cv2/act/Mul))",CaskConvolution,FP32,Row major linear FP32
/model.12/cv1/act/Mul_output_0 copy,Reformat,FP32,Row major linear FP32
"Reformatting CopyNode for Input Tensor 0 to /model.12/cv2/conv/Conv + PWN(PWN(/model.12/cv2/act/Sigmoid), PWN(/model.12/cv2/act/Mul))",Reformat,INT8,Four wide channel vectorized row major Int8 format
"/model.12/cv2/conv/Conv + PWN(PWN(/model.12/cv2/act/Sigmoid), PWN(/model.12/cv2/act/Mul))",CaskConvolution,FP32,Row major linear FP32
/model.13/Resize,Resize,FP32,Row major linear FP32
/model.13/Resize_output_0 copy,Reformat,INT8,Row major Int8 format
Reformatting CopyNode for Input Tensor 0 to /model.15/cv0/conv/Conv || /model.15/cv1/conv/Conv,Reformat,INT8,Four wide channel vectorized row major Int8 format
/model.15/cv0/conv/Conv || /model.15/cv1/conv/Conv,CaskConvolution,FP32,Row major linear FP32
Reformatting CopyNode for Output Tensor 0 to /model.15/cv0/conv/Conv || /model.15/cv1/conv/Conv,NoOp,FP32,Row major linear FP32
"PWN(PWN(/model.15/cv0/act/Sigmoid), PWN(/model.15/cv0/act/Mul))",PointWiseV2,FP32,Row major linear FP32
"PWN(PWN(/model.15/cv1/act/Sigmoid), PWN(/model.15/cv1/act/Mul))",PointWiseV2,FP32,Row major linear FP32
"Reformatting CopyNode for Output Tensor 0 to PWN(PWN(/model.15/cv1/act/Sigmoid), PWN(/model.15/cv1/act/Mul))",Reformat,INT8,Channel major INT8 format where channel % 16 == 0
/model.15/m.0/cv1/conv/Conv,CaskConvolution,INT8,Channel major INT8 format where channel % 16 == 0
"Reformatting CopyNode for Input Tensor 0 to PWN(PWN(/model.15/m.0/cv1/act/Sigmoid), PWN(/model.15/m.0/cv1/act/Mul))",Reformat,FP32,Row major linear FP32
"PWN(PWN(/model.15/m.0/cv1/act/Sigmoid), PWN(/model.15/m.0/cv1/act/Mul))",PointWiseV2,FP32,Row major linear FP32
Reformatting CopyNode for Input Tensor 0 to /model.15/m.0/cv2/conv/Conv,Reformat,INT8,Channel major INT8 format where channel % 16 == 0
/model.15/m.0/cv2/conv/Conv,CaskConvolution,INT8,Channel major INT8 format where channel % 16 == 0
"Reformatting CopyNode for Input Tensor 0 to PWN(PWN(/model.15/m.0/cv2/act/Sigmoid), PWN(/model.15/m.0/cv2/act/Mul))",Reformat,FP32,Row major linear FP32
"PWN(PWN(/model.15/m.0/cv2/act/Sigmoid), PWN(/model.15/m.0/cv2/act/Mul))",PointWiseV2,FP32,Row major linear FP32
/model.15/cv1/act/Mul_output_0 copy,Reformat,FP32,Row major linear FP32
"Reformatting CopyNode for Input Tensor 0 to /model.15/cv2/conv/Conv + PWN(PWN(/model.15/cv2/act/Sigmoid), PWN(/model.15/cv2/act/Mul))",Reformat,INT8,Four wide channel vectorized row major Int8 format
"/model.15/cv2/conv/Conv + PWN(PWN(/model.15/cv2/act/Sigmoid), PWN(/model.15/cv2/act/Mul))",CaskConvolution,INT8,Four wide channel vectorized row major Int8 format
"/model.16/conv/Conv + PWN(PWN(/model.16/act/Sigmoid), PWN(/model.16/act/Mul))",CaskConvolution,INT8,Four wide channel vectorized row major Int8 format
/model.16/act/Mul_output_0 copy,Reformat,INT8,Thirty-two wide channel vectorized row major Int8 format
/model.12/cv2/act/Mul_output_0 copy,Reformat,INT8,Thirty-two wide channel vectorized row major Int8 format
/model.18/cv0/conv/Conv || /model.18/cv1/conv/Conv,CaskConvolution,INT8,Thirty-two wide channel vectorized row major Int8 format
Reformatting CopyNode for Output Tensor 0 to /model.18/cv0/conv/Conv || /model.18/cv1/conv/Conv,Reformat,FP32,Row major linear FP32
"PWN(PWN(/model.18/cv0/act/Sigmoid), PWN(/model.18/cv0/act/Mul))",PointWiseV2,FP32,Row major linear FP32
"PWN(PWN(/model.18/cv1/act/Sigmoid), PWN(/model.18/cv1/act/Mul))",PointWiseV2,FP32,Row major linear FP32
"/model.18/m.0/cv1/conv/Conv + PWN(PWN(/model.18/m.0/cv1/act/Sigmoid), PWN(/model.18/m.0/cv1/act/Mul))",CaskConvolution,FP32,Row major linear FP32
"/model.18/m.0/cv2/conv/Conv + PWN(PWN(/model.18/m.0/cv2/act/Sigmoid), PWN(/model.18/m.0/cv2/act/Mul))",CaskConvolution,FP32,Row major linear FP32
"Reformatting CopyNode for Input Tensor 0 to /model.18/cv2/conv/Conv + PWN(PWN(/model.18/cv2/act/Sigmoid), PWN(/model.18/cv2/act/Mul))",Reformat,INT8,Four wide channel vectorized row major Int8 format
"/model.18/cv2/conv/Conv + PWN(PWN(/model.18/cv2/act/Sigmoid), PWN(/model.18/cv2/act/Mul))",CaskConvolution,INT8,Thirty-two wide channel vectorized row major Int8 format
"/model.19/conv/Conv + PWN(PWN(/model.19/act/Sigmoid), PWN(/model.19/act/Mul))",CaskConvolution,INT8,Thirty-two wide channel vectorized row major Int8 format
/model.19/act/Mul_output_0 copy,Reformat,INT8,Thirty-two wide channel vectorized row major Int8 format
/model.9/cv2/act/Mul_output_0 copy,Reformat,INT8,Thirty-two wide channel vectorized row major Int8 format
/model.21/cv0/conv/Conv || /model.21/cv1/conv/Conv,CaskConvolution,INT8,Thirty-two wide channel vectorized row major Int8 format
Reformatting CopyNode for Output Tensor 0 to /model.21/cv0/conv/Conv || /model.21/cv1/conv/Conv,Reformat,FP32,Row major linear FP32
"PWN(PWN(/model.21/cv0/act/Sigmoid), PWN(/model.21/cv0/act/Mul))",PointWiseV2,FP32,Row major linear FP32
"PWN(PWN(/model.21/cv1/act/Sigmoid), PWN(/model.21/cv1/act/Mul))",PointWiseV2,FP32,Row major linear FP32
"/model.21/m.0/cv1/conv/Conv + PWN(PWN(/model.21/m.0/cv1/act/Sigmoid), PWN(/model.21/m.0/cv1/act/Mul))",CaskConvolution,FP32,Row major linear FP32
"/model.21/m.0/cv2/conv/Conv + PWN(PWN(/model.21/m.0/cv2/act/Sigmoid), PWN(/model.21/m.0/cv2/act/Mul))",CaskConvolution,FP32,Row major linear FP32
/model.21/cv1/act/Mul_output_0 copy,Reformat,FP32,Row major linear FP32
"Reformatting CopyNode for Input Tensor 0 to /model.21/cv2/conv/Conv + PWN(PWN(/model.21/cv2/act/Sigmoid), PWN(/model.21/cv2/act/Mul))",Reformat,INT8,Four wide channel vectorized row major Int8 format
"/model.21/cv2/conv/Conv + PWN(PWN(/model.21/cv2/act/Sigmoid), PWN(/model.21/cv2/act/Mul))",CaskConvolution,INT8,Thirty-two wide channel vectorized row major Int8 format
/model.22/cv2.2/cv2.2.0/conv/Conv || /model.22/cv3.2/cv3.2.0/conv/Conv,CaskConvolution,INT8,Thirty-two wide channel vectorized row major Int8 format
Reformatting CopyNode for Output Tensor 0 to /model.22/cv2.2/cv2.2.0/conv/Conv || /model.22/cv3.2/cv3.2.0/conv/Conv,Reformat,FP32,Row major linear FP32
"PWN(PWN(/model.22/cv2.2/cv2.2.0/act/Sigmoid), PWN(/model.22/cv2.2/cv2.2.0/act/Mul))",PointWiseV2,FP32,Row major linear FP32
"/model.22/cv2.2/cv2.2.1/conv/Conv + PWN(PWN(/model.22/cv2.2/cv2.2.1/act/Sigmoid), PWN(/model.22/cv2.2/cv2.2.1/act/Mul))",CaskConvolution,FP32,Row major linear FP32
/model.22/cv2.2/cv2.2.2/Conv,CaskConvolution,FP32,Row major linear FP32
/model.22/Reshape_2,NoOp,FP32,Row major linear FP32
/model.22/Reshape_2_copy_output,Reformat,FP32,Row major linear FP32
"PWN(PWN(/model.22/cv3.2/cv3.2.0/act/Sigmoid), PWN(/model.22/cv3.2/cv3.2.0/act/Mul))",PointWiseV2,FP32,Row major linear FP32
"/model.22/cv3.2/cv3.2.1/conv/Conv + PWN(PWN(/model.22/cv3.2/cv3.2.1/act/Sigmoid), PWN(/model.22/cv3.2/cv3.2.1/act/Mul))",CaskConvolution,FP32,Row major linear FP32
/model.22/cv3.2/cv3.2.2/Conv,CaskConvolution,FP32,Row major linear FP32
/model.22/Reshape_5,NoOp,FP32,Row major linear FP32
/model.22/Reshape_5_copy_output,Reformat,FP32,Row major linear FP32
/model.22/cv2.1/cv2.1.0/conv/Conv || /model.22/cv3.1/cv3.1.0/conv/Conv,CaskConvolution,INT8,Thirty-two wide channel vectorized row major Int8 format
Reformatting CopyNode for Output Tensor 0 to /model.22/cv2.1/cv2.1.0/conv/Conv || /model.22/cv3.1/cv3.1.0/conv/Conv,Reformat,FP32,Row major linear FP32
"PWN(PWN(/model.22/cv2.1/cv2.1.0/act/Sigmoid), PWN(/model.22/cv2.1/cv2.1.0/act/Mul))",PointWiseV2,FP32,Row major linear FP32
"Reformatting CopyNode for Input Tensor 0 to /model.22/cv2.1/cv2.1.1/conv/Conv + PWN(PWN(/model.22/cv2.1/cv2.1.1/act/Sigmoid), PWN(/model.22/cv2.1/cv2.1.1/act/Mul))",Reformat,INT8,Four wide channel vectorized row major Int8 format
"/model.22/cv2.1/cv2.1.1/conv/Conv + PWN(PWN(/model.22/cv2.1/cv2.1.1/act/Sigmoid), PWN(/model.22/cv2.1/cv2.1.1/act/Mul))",CaskConvolution,INT8,Four wide channel vectorized row major Int8 format
/model.22/cv2.1/cv2.1.2/Conv,CaskConvolution,FP32,Row major linear FP32
/model.22/Reshape_1,NoOp,FP32,Row major linear FP32
/model.22/Reshape_1_copy_output,Reformat,FP32,Row major linear FP32
"PWN(PWN(/model.22/cv3.1/cv3.1.0/act/Sigmoid), PWN(/model.22/cv3.1/cv3.1.0/act/Mul))",PointWiseV2,FP32,Row major linear FP32
"Reformatting CopyNode for Input Tensor 0 to /model.22/cv3.1/cv3.1.1/conv/Conv + PWN(PWN(/model.22/cv3.1/cv3.1.1/act/Sigmoid), PWN(/model.22/cv3.1/cv3.1.1/act/Mul))",Reformat,INT8,Thirty-two wide channel vectorized row major Int8 format
"/model.22/cv3.1/cv3.1.1/conv/Conv + PWN(PWN(/model.22/cv3.1/cv3.1.1/act/Sigmoid), PWN(/model.22/cv3.1/cv3.1.1/act/Mul))",CaskConvolution,INT8,Thirty-two wide channel vectorized row major Int8 format
/model.22/cv3.1/cv3.1.2/Conv,CaskConvolution,INT8,Thirty-two wide channel vectorized row major Int8 format
/model.22/Reshape_4,Shuffle,INT8,Thirty-two wide channel vectorized row major Int8 format
/model.22/Reshape_4_copy_output,Reformat,FP32,Row major linear FP32
/model.22/cv2.0/cv2.0.0/conv/Conv || /model.22/cv3.0/cv3.0.0/conv/Conv,CaskConvolution,FP32,Row major linear FP32
"PWN(PWN(/model.22/cv2.0/cv2.0.0/act/Sigmoid), PWN(/model.22/cv2.0/cv2.0.0/act/Mul))",PointWiseV2,FP32,Row major linear FP32
"Reformatting CopyNode for Input Tensor 0 to /model.22/cv2.0/cv2.0.1/conv/Conv + PWN(PWN(/model.22/cv2.0/cv2.0.1/act/Sigmoid), PWN(/model.22/cv2.0/cv2.0.1/act/Mul))",Reformat,INT8,Four wide channel vectorized row major Int8 format
"/model.22/cv2.0/cv2.0.1/conv/Conv + PWN(PWN(/model.22/cv2.0/cv2.0.1/act/Sigmoid), PWN(/model.22/cv2.0/cv2.0.1/act/Mul))",CaskConvolution,INT8,Four wide channel vectorized row major Int8 format
/model.22/cv2.0/cv2.0.2/Conv,CaskConvolution,FP32,Row major linear FP32
/model.22/Reshape,NoOp,FP32,Row major linear FP32
/model.22/Reshape_copy_output,Reformat,FP32,Row major linear FP32
Reformatting CopyNode for Input Tensor 0 to /model.22/dfl/Reshape + /model.22/dfl/Transpose,NoOp,FP32,Row major linear FP32
/model.22/dfl/Reshape + /model.22/dfl/Transpose,Shuffle,FP32,Row major linear FP32
/model.22/dfl/Softmax,CaskSoftMaxV2,FP32,Row major linear FP32
/model.22/dfl/conv/Conv,CaskConvolution,FP32,Row major linear FP32
/model.22/dfl/Reshape_1,NoOp,FP32,Row major linear FP32
PWN(/model.22/Sub),PointWiseV2,FP32,Row major linear FP32
PWN(/model.22/Add_1),PointWiseV2,FP32,Row major linear FP32
PWN(/model.22/Sub_1),PointWiseV2,FP32,Row major linear FP32
"PWN(PWN(/model.22/Add_2), PWN(/model.22/Constant_14_output_0 + ONNXTRT_Broadcast, PWN(/model.22/Div_1)))",PointWiseV2,FP32,Row major linear FP32
/model.22/Div_1_output_0 copy,Reformat,FP32,Row major linear FP32
PWN(/model.22/Mul_2),PointWiseV2,FP32,Row major linear FP32
"PWN(PWN(/model.22/cv3.0/cv3.0.0/act/Sigmoid), PWN(/model.22/cv3.0/cv3.0.0/act/Mul))",PointWiseV2,FP32,Row major linear FP32
"Reformatting CopyNode for Input Tensor 0 to /model.22/cv3.0/cv3.0.1/conv/Conv + PWN(PWN(/model.22/cv3.0/cv3.0.1/act/Sigmoid), PWN(/model.22/cv3.0/cv3.0.1/act/Mul))",Reformat,INT8,Four wide channel vectorized row major Int8 format
"/model.22/cv3.0/cv3.0.1/conv/Conv + PWN(PWN(/model.22/cv3.0/cv3.0.1/act/Sigmoid), PWN(/model.22/cv3.0/cv3.0.1/act/Mul))",CaskConvolution,INT8,Thirty-two wide channel vectorized row major Int8 format
/model.22/cv3.0/cv3.0.2/Conv,CaskConvolution,INT8,Thirty-two wide channel vectorized row major Int8 format
Reformatting CopyNode for Input Tensor 0 to /model.22/Reshape_3,Reformat,FP32,Row major linear FP32
/model.22/Reshape_3,NoOp,FP32,Row major linear FP32
/model.22/Reshape_3_copy_output,Reformat,FP32,Row major linear FP32
PWN(/model.22/Sigmoid),PointWiseV2,FP32,Row major linear FP32
