epoch,time,train/box_loss,train/cls_loss,train/dfl_loss,train/dis_loss,metrics/precision(B),metrics/recall(B),metrics/mAP50(B),metrics/mAP50-95(B),val/box_loss,val/cls_loss,val/dfl_loss,val/dis_loss,lr/pg0,lr/pg1,lr/pg2
1,16.9308,3.66164,5.59835,2.2382,22.3886,0,0,0,0,3.88542,5.1811,1.72588,0,0.000307692,0.000307692,0.0695385
2,26.9619,2.60511,4.11507,1.56801,16.1133,0.00025,0.01189,1e-05,0,3.38406,4.68825,1.9166,0,0.000640869,0.000640869,0.0365383
3,38.817,2.05697,3.47558,1.30539,13.7087,0.01343,0.03732,0.00116,0.00024,2.91079,4.60178,1.74558,0,0.000973407,0.000973407,0.00353751
4,50.1295,1.83766,3.10883,1.22633,12.2046,0.03668,0.66018,0.08309,0.02433,2.12684,3.70236,1.37407,0,0.000997803,0.000997803,0.000997803
5,61.922,1.78889,2.90294,1.20325,10.9285,0.0251,0.89241,0.14178,0.06866,1.69631,3.01398,1.20536,0,0.000996097,0.000996097,0.000996097
6,72.9799,1.7094,2.73457,1.17521,9.95669,0.31184,0.17115,0.13145,0.05674,1.80601,2.84868,1.28328,0,0.000993906,0.000993906,0.000993906
7,84.2093,1.706,2.62279,1.18252,9.19317,0.30101,0.32778,0.17249,0.08825,1.52437,2.64196,1.17655,0,0.000991232,0.000991232,0.000991232
8,95.7539,1.65757,2.48845,1.1618,8.54142,0.31954,0.36823,0.19922,0.10749,1.48166,2.47729,1.16362,0,0.000988079,0.000988079,0.000988079
9,107.115,1.65522,2.3671,1.16446,8.12247,0.18918,0.46972,0.2064,0.10536,1.53551,2.33797,1.2196,0,0.000984449,0.000984449,0.000984449
10,118.205,1.64143,2.22808,1.16237,7.5943,0.23074,0.45319,0.27346,0.14887,1.43897,2.28917,1.13381,0,0.000980345,0.000980345,0.000980345
11,129.52,1.61582,2.0948,1.13964,7.25521,0.26272,0.50402,0.29514,0.14206,1.56161,2.18944,1.17423,0,0.000975773,0.000975773,0.000975773
12,140.978,1.57812,1.98297,1.13031,6.99218,0.27546,0.55436,0.32775,0.18046,1.41704,2.0248,1.12991,0,0.000970736,0.000970736,0.000970736
13,152.195,1.55917,1.90954,1.12692,6.70155,0.22516,0.41798,0.21373,0.05914,2.27788,2.44783,1.47819,0,0.000965239,0.000965239,0.000965239
14,163.308,1.59199,1.8982,1.12797,6.66378,0.36909,0.613,0.42628,0.24185,1.47471,1.8336,1.16718,0,0.000959289,0.000959289,0.000959289
15,174.315,1.49493,1.76432,1.09881,6.3202,0.42488,0.61051,0.48584,0.25482,1.55223,1.73625,1.15397,0,0.000952889,0.000952889,0.000952889
16,185.812,1.50051,1.70757,1.09905,6.17241,0.44258,0.6282,0.47712,0.30284,1.30681,1.67821,1.0875,0,0.000946048,0.000946048,0.000946048
17,196.644,1.47501,1.63686,1.09545,5.97885,0.46946,0.5822,0.49956,0.27968,1.48326,1.72841,1.17679,0,0.000938772,0.000938772,0.000938772
18,208.377,1.4533,1.56802,1.09241,5.77459,0.43816,0.53344,0.46178,0.17989,2.2044,1.90462,1.54833,0,0.000931067,0.000931067,0.000931067
19,219.9,1.43555,1.50644,1.08211,5.57665,0.52883,0.63548,0.59571,0.35366,1.35713,1.58398,1.09433,0,0.000922942,0.000922942,0.000922942
20,230.952,1.47794,1.49954,1.09858,5.58831,0.50727,0.66887,0.60316,0.36395,1.2988,1.5964,1.05626,0,0.000914405,0.000914405,0.000914405
21,242.174,1.45646,1.50717,1.07861,5.51258,0.60482,0.67659,0.68463,0.4318,1.26683,1.35682,1.0659,0,0.000905463,0.000905463,0.000905463
22,253.469,1.39231,1.42195,1.06426,5.2569,0.54438,0.67485,0.67102,0.40218,1.32287,1.40516,1.08418,0,0.000896127,0.000896127,0.000896127
23,264.77,1.39681,1.3952,1.06279,5.14094,0.58789,0.70555,0.70255,0.46508,1.14245,1.32526,1.01847,0,0.000886404,0.000886404,0.000886404
24,275.956,1.40393,1.35503,1.05744,5.08818,0.5952,0.69258,0.71817,0.45722,1.18902,1.4004,1.02372,0,0.000876305,0.000876305,0.000876305
25,286.858,1.37553,1.29361,1.05017,4.87551,0.63437,0.71908,0.75171,0.49227,1.20102,1.27754,1.05207,0,0.000865839,0.000865839,0.000865839
26,298.476,1.34783,1.23119,1.04173,4.74523,0.666,0.71304,0.74214,0.42955,1.40538,1.32981,1.11852,0,0.000855018,0.000855018,0.000855018
27,309.136,1.38612,1.23268,1.05141,4.6728,0.69462,0.67489,0.76249,0.41751,1.46855,1.31794,1.15219,0,0.000843851,0.000843851,0.000843851
28,320.492,1.3237,1.1434,1.04419,4.43792,0.82245,0.74846,0.85096,0.56711,1.12593,1.06407,1.0111,0,0.000832349,0.000832349,0.000832349
29,331.407,1.34943,1.14816,1.04689,4.43722,0.81965,0.74595,0.84316,0.545,1.212,1.07419,1.0417,0,0.000820525,0.000820525,0.000820525
30,342.419,1.33967,1.132,1.04331,4.34504,0.85575,0.7602,0.86508,0.59436,1.08799,1.02944,1.00547,0,0.000808389,0.000808389,0.000808389
31,353.963,1.27262,1.0526,1.02182,4.10577,0.81983,0.75312,0.84395,0.44449,1.5932,1.09794,1.18307,0,0.000795954,0.000795954,0.000795954
32,364.816,1.36966,1.0857,1.04619,4.15901,0.84588,0.81248,0.8858,0.58201,1.15195,1.00332,1.00812,0,0.000783231,0.000783231,0.000783231
33,376.369,1.30085,1.04777,1.02991,4.04657,0.83981,0.82665,0.89208,0.61443,1.09095,0.9508,0.9988,0,0.000770234,0.000770234,0.000770234
34,387.527,1.29236,1.02238,1.0262,3.96195,0.87939,0.81577,0.90311,0.60544,1.13656,0.89235,1.01047,0,0.000756976,0.000756976,0.000756976
35,398.327,1.23969,0.98986,1.01284,3.84156,0.86725,0.80185,0.89095,0.59322,1.14566,0.91656,1.00139,0,0.000743468,0.000743468,0.000743468
36,410.191,1.31134,1.00912,1.02311,3.92048,0.83132,0.80866,0.8656,0.50562,1.34674,1.01218,1.0707,0,0.000729725,0.000729725,0.000729725
37,420.968,1.35922,1.02794,1.04195,3.92053,0.85034,0.79805,0.87337,0.45667,1.56416,0.98539,1.15619,0,0.000715761,0.000715761,0.000715761
38,432.756,1.30798,1.00774,1.03409,3.86937,0.88006,0.81335,0.89677,0.61356,1.07915,0.89944,0.99126,0,0.000701588,0.000701588,0.000701588
39,443.55,1.28633,0.99115,1.02155,3.79198,0.85408,0.82439,0.89091,0.49265,1.48355,0.95347,1.1348,0,0.000687222,0.000687222,0.000687222
40,454.81,1.24917,0.94648,1.00449,3.67273,0.90822,0.82077,0.91256,0.64098,1.0483,0.83069,0.98348,0,0.000672675,0.000672675,0.000672675
41,465.889,1.22837,0.92685,1.00285,3.55556,0.88394,0.83357,0.9146,0.62708,1.09588,0.84182,0.98761,0,0.000657963,0.000657963,0.000657963
42,476.832,1.27011,0.94287,1.01197,3.65447,0.9053,0.82842,0.91352,0.6128,1.12677,0.83784,1.00045,0,0.000643101,0.000643101,0.000643101
43,488.186,1.2296,0.92757,1.00833,3.5444,0.89241,0.83644,0.91446,0.63095,1.0613,0.82043,0.98563,0,0.000628101,0.000628101,0.000628101
44,499.018,1.20638,0.91334,0.99587,3.46377,0.91818,0.82154,0.92059,0.64823,1.05881,0.79644,0.98044,0,0.000612981,0.000612981,0.000612981
45,509.84,1.2244,0.90122,1.00166,3.44198,0.91032,0.84528,0.92587,0.633,1.10284,0.7816,0.98433,0,0.000597754,0.000597754,0.000597754
46,520.976,1.23344,0.89172,0.99759,3.44692,0.88708,0.86592,0.92505,0.63859,1.07322,0.78344,0.9807,0,0.000582435,0.000582435,0.000582435
47,531.97,1.2094,0.86381,0.99536,3.35684,0.88572,0.84836,0.91467,0.58749,1.23312,0.81014,1.03217,0,0.00056704,0.00056704,0.00056704
48,543.857,1.26938,0.8829,1.00612,3.41038,0.90048,0.82852,0.90749,0.5515,1.3056,0.81829,1.06128,0,0.000551584,0.000551584,0.000551584
49,554.934,1.21589,0.87594,0.99113,3.33387,0.90004,0.84746,0.92034,0.58859,1.21305,0.79908,1.03002,0,0.000536081,0.000536081,0.000536081
50,565.817,1.20128,0.86762,0.99596,3.31741,0.89456,0.83603,0.91565,0.63633,1.05582,0.79592,0.97621,0,0.000520548,0.000520548,0.000520548
51,576.996,1.17817,0.85273,0.98316,3.25404,0.88121,0.86149,0.93071,0.66074,1.02892,0.75468,0.966,0,0.000505,0.000505,0.000505
52,588.276,1.17956,0.83982,0.98385,3.21795,0.91877,0.86307,0.93643,0.65402,1.04518,0.73198,0.96893,0,0.000489452,0.000489452,0.000489452
53,599.431,1.17436,0.83177,0.99197,3.14792,0.91011,0.86962,0.93694,0.66852,1.00169,0.7299,0.95875,0,0.000473919,0.000473919,0.000473919
54,611.069,1.17553,0.84491,0.98127,3.18937,0.89426,0.86445,0.92951,0.64483,1.05047,0.73766,0.96845,0,0.000458416,0.000458416,0.000458416
55,622.214,1.16574,0.82348,0.98067,3.13246,0.93709,0.85608,0.94247,0.66999,1.00916,0.69425,0.96316,0,0.00044296,0.00044296,0.00044296
56,633.337,1.17855,0.81241,0.98741,3.15007,0.90507,0.87301,0.93514,0.66112,1.0245,0.71386,0.95885,0,0.000427565,0.000427565,0.000427565
57,644.41,1.18896,0.82876,0.98834,3.18371,0.91931,0.86074,0.93778,0.68061,0.97614,0.70721,0.94608,0,0.000412246,0.000412246,0.000412246
58,654.983,1.18844,0.81858,0.97464,3.14456,0.89531,0.88386,0.93888,0.64884,1.05157,0.72278,0.96572,0,0.000397019,0.000397019,0.000397019
59,665.726,1.14202,0.789,0.97706,3.02678,0.91785,0.88037,0.94079,0.65791,1.04614,0.69683,0.96178,0,0.000381899,0.000381899,0.000381899
60,676.926,1.19767,0.8108,0.98394,3.11352,0.93105,0.86037,0.9429,0.67734,0.98881,0.6837,0.95785,0,0.000366899,0.000366899,0.000366899
61,687.615,1.16173,0.80269,0.97218,3.06471,0.92314,0.88429,0.94401,0.67594,0.98842,0.68202,0.95231,0,0.000352037,0.000352037,0.000352037
62,699.332,1.14884,0.8009,0.97026,3.05004,0.90015,0.89281,0.94684,0.68109,0.97863,0.674,0.94524,0,0.000337325,0.000337325,0.000337325
63,711.051,1.16544,0.80124,0.96953,3.0364,0.92566,0.87769,0.94122,0.61939,1.13972,0.71207,0.98681,0,0.000322778,0.000322778,0.000322778
64,722.121,1.144,0.78307,0.96422,3.02543,0.92048,0.88567,0.95138,0.69822,0.95109,0.6439,0.94267,0,0.000308412,0.000308412,0.000308412
65,733.417,1.153,0.78996,0.97638,3.02163,0.9219,0.87934,0.94684,0.68881,0.96123,0.66051,0.94962,0,0.000294239,0.000294239,0.000294239
66,744.789,1.1071,0.74973,0.96603,2.92237,0.9212,0.87748,0.95042,0.69033,0.9619,0.65276,0.94509,0,0.000280275,0.000280275,0.000280275
67,756.297,1.11982,0.76167,0.9664,2.91136,0.92894,0.87782,0.94711,0.68925,0.966,0.65703,0.94311,0,0.000266532,0.000266532,0.000266532
68,767.423,1.1208,0.75613,0.96349,2.90575,0.92606,0.88046,0.94986,0.70505,0.91006,0.63356,0.93342,0,0.000253024,0.000253024,0.000253024
69,779.184,1.12994,0.75967,0.96459,2.89666,0.91782,0.89333,0.94629,0.68957,0.96055,0.65514,0.94286,0,0.000239766,0.000239766,0.000239766
70,790.181,1.1297,0.75384,0.96058,2.92307,0.95015,0.87247,0.95031,0.70133,0.922,0.642,0.93558,0,0.000226769,0.000226769,0.000226769
71,801.301,1.10922,0.74418,0.95912,2.86691,0.94106,0.88378,0.95331,0.69756,0.94875,0.64038,0.93612,0,0.000214046,0.000214046,0.000214046
72,812.058,1.11032,0.74082,0.96246,2.88392,0.94607,0.8857,0.95408,0.70899,0.9182,0.61417,0.93287,0,0.000201611,0.000201611,0.000201611
73,823.174,1.1065,0.74242,0.96262,2.84594,0.92966,0.88521,0.95123,0.69285,0.96181,0.64171,0.93939,0,0.000189475,0.000189475,0.000189475
74,834.949,1.1288,0.73695,0.96708,2.865,0.93977,0.86717,0.95163,0.68514,0.97869,0.64159,0.94894,0,0.000177651,0.000177651,0.000177651
75,845.349,1.11948,0.74869,0.96214,2.88905,0.94182,0.87976,0.95456,0.67016,1.03379,0.63711,0.95954,0,0.000166149,0.000166149,0.000166149
76,857.298,1.11896,0.73548,0.96593,2.82812,0.93861,0.86776,0.95186,0.70122,0.93912,0.62469,0.93601,0,0.000154982,0.000154982,0.000154982
77,868.245,1.10636,0.73084,0.95873,2.79294,0.94208,0.87846,0.95315,0.69887,0.94108,0.62035,0.93709,0,0.000144161,0.000144161,0.000144161
78,879.276,1.09941,0.74041,0.95012,2.80729,0.93584,0.90255,0.95543,0.69871,0.94669,0.61906,0.93689,0,0.000133695,0.000133695,0.000133695
79,889.873,1.095,0.72551,0.96065,2.78116,0.93011,0.89967,0.95449,0.70682,0.92452,0.61367,0.93181,0,0.000123596,0.000123596,0.000123596
80,901.343,1.13046,0.73377,0.96257,2.82647,0.94697,0.88225,0.95471,0.68566,0.98941,0.62786,0.94472,0,0.000113873,0.000113873,0.000113873
81,912.104,1.12781,0.73291,0.9539,2.8281,0.93093,0.8913,0.95535,0.70428,0.93077,0.61313,0.93209,0,0.000104537,0.000104537,0.000104537
82,923.355,1.10167,0.72906,0.96149,2.78321,0.93321,0.89538,0.95614,0.70524,0.92446,0.605,0.93142,0,9.55951e-05,9.55951e-05,9.55951e-05
83,934.299,1.0953,0.72669,0.95601,2.78254,0.9301,0.89757,0.95666,0.71176,0.9169,0.60616,0.92846,0,8.70577e-05,8.70577e-05,8.70577e-05
84,945.506,1.07643,0.71186,0.94618,2.7642,0.94043,0.88843,0.95595,0.70945,0.91739,0.60507,0.93053,0,7.89327e-05,7.89327e-05,7.89327e-05
85,956.933,1.09959,0.72342,0.95296,2.76881,0.93995,0.88248,0.95611,0.70796,0.91484,0.599,0.92949,0,7.12282e-05,7.12282e-05,7.12282e-05
86,968.374,1.06679,0.71394,0.94918,2.76558,0.94285,0.88636,0.95631,0.70576,0.93394,0.60295,0.93554,0,6.39518e-05,6.39518e-05,6.39518e-05
87,979.686,1.08024,0.71817,0.95034,2.77539,0.93679,0.88853,0.95541,0.70821,0.92159,0.60901,0.93148,0,5.71106e-05,5.71106e-05,5.71106e-05
88,990.908,1.06093,0.70528,0.95,2.70431,0.93547,0.89325,0.9568,0.70673,0.92634,0.60083,0.93308,0,5.07115e-05,5.07115e-05,5.07115e-05
89,1001.51,1.09443,0.71318,0.95411,2.76901,0.94004,0.88291,0.95618,0.71073,0.91075,0.59342,0.92946,0,4.47606e-05,4.47606e-05,4.47606e-05
90,1012.93,1.07704,0.72047,0.95186,2.77345,0.93545,0.89252,0.95703,0.71175,0.91782,0.59768,0.92934,0,3.9264e-05,3.9264e-05,3.9264e-05
91,1029.88,1.04375,0.67283,0.96821,2.8047,0.94147,0.88466,0.95572,0.69646,0.95631,0.61501,0.93911,0,3.4227e-05,3.4227e-05,3.4227e-05
92,1040.48,1.05185,0.64397,0.96016,2.70789,0.93903,0.8876,0.95403,0.69862,0.94532,0.61827,0.93766,0,2.96546e-05,2.96546e-05,2.96546e-05
93,1051.19,0.99678,0.62235,0.95704,2.63681,0.93597,0.89091,0.95427,0.70498,0.92665,0.60862,0.93252,0,2.55513e-05,2.55513e-05,2.55513e-05
94,1061.55,0.97644,0.61559,0.95188,2.61136,0.94178,0.89255,0.9557,0.70269,0.93761,0.61056,0.93596,0,2.19212e-05,2.19212e-05,2.19212e-05
95,1071.83,0.99301,0.60869,0.95024,2.59875,0.93406,0.89322,0.95378,0.70752,0.92288,0.60354,0.93189,0,1.87678e-05,1.87678e-05,1.87678e-05
96,1081.68,0.98005,0.60184,0.94791,2.56988,0.93632,0.8937,0.95545,0.70981,0.91926,0.60069,0.92966,0,1.60943e-05,1.60943e-05,1.60943e-05
97,1092.15,0.96889,0.60305,0.94727,2.55915,0.93804,0.89348,0.95618,0.7095,0.91759,0.59893,0.92891,0,1.39032e-05,1.39032e-05,1.39032e-05
98,1102.56,0.994,0.61363,0.96032,2.59585,0.93008,0.8988,0.95607,0.70945,0.91971,0.5994,0.92953,0,1.21968e-05,1.21968e-05,1.21968e-05
99,1112.91,0.99825,0.61316,0.95148,2.59798,0.93466,0.89492,0.95625,0.70908,0.91858,0.5988,0.92957,0,1.09768e-05,1.09768e-05,1.09768e-05
100,1123.67,0.97815,0.60383,0.95211,2.55047,0.93622,0.89448,0.95623,0.7089,0.92346,0.5995,0.93023,0,1.02443e-05,1.02443e-05,1.02443e-05
